<?xml version="1.0" encoding="UTF-8" standalone="no"?>
<parachutes>
    <parachute>
        <cost>40052</cost>
        <name>redBull</name>
        <description>veryCoolAndAmazing</description>
    </parachute>
    <parachute>
        <cost>3558</cost>
        <name>sprunk</name>
        <description>gta5enjoyer</description>
    </parachute>
    <parachute>
        <cost>600101</cost>
        <name>dior</name>
        <description>beautiful</description>
    </parachute>
    <parachute>
        <cost>9966</cost>
        <name>www</name>
        <description>huhCool</description>
    </parachute>
    <parachute>
        <cost>1000</cost>
        <name>holand</name>
        <description>fifa</description>
    </parachute>
    <parachute>
        <cost>3</cost>
        <name>goodA</name>
        <description>glop</description>
    </parachute>
    <parachute>
        <cost>4</cost>
        <name>gh</name>
        <description>edertyr</description>
    </parachute>
    <parachute>
        <cost>52</cost>
        <name>52</name>
        <description>52</description>
    </parachute>
    <parachute>
        <cost>12</cost>
        <name>sdf</name>
        <description>fdsfdsfseff</description>
    </parachute>
    <parachute>
        <cost>12</cost>
        <name>name</name>
        <description>description</description>
    </parachute>
    <parachute>
        <cost>3</cost>
        <name>d</name>
        <description>f</description>
    </parachute>
    <parachute>
        <cost>12</cost>
        <name>name</name>
        <description>desc</description>
    </parachute>
    <parachute>
        <cost>12</cost>
        <name>da</name>
        <description>a</description>
    </parachute>
</parachutes>
