[{"cost":40052,"name":"redBull","description":"veryCoolAndAmazing"},{"cost":3558,"name":"sprunk","description":"gta5enjoyer"},{"cost":600101,"name":"dior","description":"beautiful"},{"cost":9966,"name":"www","description":"huhCool"},{"cost":1000,"name":"holand","description":"fifa"},{"cost":3,"name":"goodA","description":"glop"},{"cost":4,"name":"gh","description":"edertyr"},{"cost":52,"name":"52","description":"52"},{"cost":12,"name":"sdf","description":"fdsfdsfseff"},{"cost":12,"name":"name","description":"description"},{"cost":3,"name":"d","description":"f"},{"cost":12,"name":"name","description":"desc"},{"cost":12,"name":"da","description":"a"}]